기타관광,레저스포츠,문화관광,쇼핑,자연관광,역사.체험관광,총 관광지 수,도시비율,임야면적 비율,농업용지 비율,해면비율,육지 도시화 정도,해면 도시화 정도,도시지역 인구 (명),1인당 주거지역 (㎡),1인당 상업지역 (㎡),1인당 공업지역 (㎡),지역총면적(㎡),관광/여가/오락,생활서비스,소매,숙박,스포츠,음식,학문/교육,계절성,요일성,성별 편향,30대 이하,30 - 50대,50대 이상,소계(남녀합계)/sum/mean,소멸지수,cluster,gmm_cluster,kmeans_cluster,pca1,pca2
0.6706586826347305,0.6490196078431374,0.210800568450971,0.3823953823953823,1.0,0.5456155890168292,0.5919149677644189,0.9914377128041546,0.8900063451998359,0.2538005082696739,0.0085622871958453,0.0728206431328483,0.0085622871958453,0.286156214091964,0.3118720524912856,0.188875786163522,0.1505571522210457,0.5709082331076306,0.3870967741935484,0.3,0.5769230769230769,1.0,0.2115384615384615,0.53125,0.3888888888888888,0.1248084081453907,0.3004360310539185,0.2859836125009063,0.2746176051361291,0.2094537300495581,0.3484852326023576,0.053769011112294,0.5373406193078324,4,5,4,-0.8507413235936345,1.2592546434686829
0.4491017964071855,0.3980392156862745,0.0637138796778777,0.0966810966810966,0.7404306220095693,0.1736049601417183,0.2742638090259627,0.999357113217122,0.9230434263905868,0.2160933871202474,0.000642886782878,0.0130110542065757,0.0006428867828781,0.0224438032121991,0.7098284464493201,0.5237814465408804,0.0713457369031412,0.361886372111611,0.0,0.0,0.0384615384615384,0.4333333333333333,0.0192307692307692,0.03125,0.0277777777777777,0.191153930370046,0.3002233329788361,0.4520339351751142,0.2652508773821075,0.2238877687538865,0.3818608188617061,0.0575493840010297,0.1863995142683666,2,6,2,-1.490732648142276,0.2837577403586907
0.3812375249500997,0.1176470588235294,0.0433443865466603,0.1904761904761904,0.3444976076555023,0.0841452612931798,0.1395713538944067,0.8770896572805744,0.7548743715081146,0.1794013941097262,0.1229103427194255,0.5784324107840318,0.1229103427194256,0.1352335530759668,0.5068689768300184,0.4939072327044025,0.506529521504563,0.0975434571885077,0.0967741935483871,0.1,0.1923076923076922,0.2,0.0384615384615384,0.15625,0.1111111111111111,0.0815633895336107,0.3007550781665422,0.3031687332318178,0.195251955394253,0.1435395428592964,0.2385853720370135,0.0270362607519747,0.4256223436551304,2,6,2,-0.8222170084530023,-0.2255851376452352
0.6447105788423153,0.1813725490196078,0.0611084793936522,0.111111111111111,0.8349282296650715,0.2267493356953055,0.2768775047917756,1.0,0.978537784075239,0.1548975843109036,0.0,0.0617720814648183,0.0,0.0768562889248801,0.6742532977923588,0.3869889937106918,0.772298694095699,0.651868098206685,0.064516129032258,0.05,0.1153846153846154,0.2833333333333334,0.0384615384615384,0.09375,0.0555555555555555,0.1243704839062842,0.3009677762416246,0.3536364295555072,0.1683136296668943,0.1347396785317229,0.2574851058435796,0.0249077153612806,0.3254401942926532,2,4,2,-1.5324947491095269,0.3647635132084935
0.6047904191616765,0.2421568627450981,0.1087162482235906,0.189033189033189,0.345693779904306,0.1550044286979628,0.2432479526049834,0.9379154879871944,0.7823151951556181,0.1912670083468471,0.0620845120128056,0.3533457453490025,0.0620845120128057,0.1256919767881348,0.2597225070056729,0.5520833333333334,0.0629758483335854,0.0565352548023088,0.1612903225806451,0.1,0.2692307692307692,0.3666666666666666,0.0576923076923076,0.1875,0.1111111111111111,0.1167889205167508,0.2963947676273525,0.2397215575375246,0.2851222345993988,0.2137123367691119,0.3296742299404233,0.0531572231500565,0.4468731026108075,2,6,2,-0.8219528514523372,0.0410296475698231
0.2075848303393213,0.0735294117647058,0.0554239696826148,0.0,0.1387559808612439,0.0903454384410983,0.0737062205959225,1.0,0.8955145353861056,0.2836612987832537,0.0,0.0,0.0,0.0178673074266735,0.4223566400109357,0.2735849056603773,0.0268239802349619,0.3625553296475519,0.0,0.0,0.0,0.1166666666666666,0.0,0.0,0.0277777777777777,0.2016093715787169,0.3010741252791658,0.4299905735624683,0.20422341202822,0.1458667018409994,0.3131702370389149,0.0350022167382008,0.2908318154219793,2,6,2,-1.2319003516877007,-0.2530136386635116
0.2854291417165668,0.9019607843137256,0.0476077688299383,0.0057720057720057,0.727272727272727,0.3551815766164747,0.3605157692977869,0.999401264528492,0.9305894908787546,0.2070604524092804,0.000598735471508,0.0133264619384391,0.0005987354715081,0.0185776888620387,0.7231563119404005,1.0,0.0089245197398275,0.3448220134902079,0.0,0.0,0.0384615384615384,0.6000000000000001,0.0192307692307692,0.03125,0.0277777777777777,0.2459218305233195,0.2997979368286713,0.3508084982959902,0.304849856863943,0.260905613446645,0.441095195842312,0.0718350301841879,0.3521554341226471,2,6,2,-1.507767291536843,0.5385776960929833
0.5049900199600799,0.2176470588235294,0.1030317385125532,0.0779220779220779,0.2296650717703348,0.3356953055801595,0.2312249520822442,1.0,0.9473674494226088,0.2190457308042999,0.0,0.0178924440861649,0.0,0.0371887717231758,0.4908071902125623,0.4439858490566037,0.2213986789693944,0.6185835973899418,0.0,0.0249999999999999,0.0769230769230769,0.2833333333333334,0.0769230769230769,0.03125,0.0277777777777777,0.1746770308736588,0.3010741252791658,0.3938800667101733,0.1662893624157055,0.1415609866400347,0.3369882114336418,0.0328800275860753,0.3369763205828778,2,6,2,-1.3751221171968937,0.1356452739041118
0.5209580838323351,0.6411764705882355,0.2202747513027001,0.2683982683982683,0.4545454545454545,0.6288751107174491,0.5075797177208573,1.0,0.7884934929122115,0.3527577611993117,0.0,0.0966958139930085,0.0,0.4978847937389287,0.2715125418631672,0.1495676100628931,0.0977663490142691,0.4760584606878287,0.5806451612903226,0.4750000000000001,0.8076923076923077,0.4166666666666667,0.2692307692307692,0.59375,0.5555555555555556,0.0,0.3016058704668719,0.3012834457254729,0.3877729466863105,0.2992707607077579,0.4511725186969197,0.0857996863196266,0.6229508196721311,4,5,4,-0.2873452586751235,1.1800147824564595
0.3493013972055888,0.203921568627451,0.0549502605400284,0.0375180375180375,0.5035885167464114,0.1266607617360496,0.1737236452343613,1.0,1.0,0.1071492181494554,0.0,0.0034272354824705,0.0,0.044075525082688,0.4016130134645616,0.3769654088050315,0.0379670246558765,0.9040546219742766,0.032258064516129,0.0249999999999999,0.0769230769230769,0.4,0.0576923076923076,0.03125,0.0277777777777777,0.2169640902123932,0.3005423800914597,0.5267928359074759,0.3176422676584379,0.2661063897944186,0.4627202433768537,0.0756209647816711,0.3418336369156041,2,6,2,-1.4137912343232624,0.2379050936888685
0.7165668662674651,0.188235294117647,0.0878730459497868,0.0836940836940836,0.3241626794258372,0.1558901682905226,0.2124063425683917,1.0,0.95506531562967,0.2265410307503999,0.0,0.0294386872510897,0.0,0.0349938752369835,0.7445834187683684,0.9551886792452832,0.1337165330509756,0.6695019974663587,0.032258064516129,0.0249999999999999,0.0769230769230769,0.2833333333333334,0.0192307692307692,0.03125,0.0277777777777777,0.1693398292095467,0.3008614272040834,0.3575520266840692,0.151257081940901,0.1213420264184363,0.2729116491317023,0.0229213908085612,0.2701882210078931,2,6,2,-1.590149024236987,0.1604165126583356
0.3892215568862275,0.1656862745098039,0.0521080056845096,0.0432900432900432,0.2870813397129186,0.1523472099202834,0.1425335424289945,1.0,0.7512024740007098,0.6052934521271558,0.0,0.024275815461581,0.0,0.0576805438971707,0.558369216048117,0.3826650943396226,0.0533958553925275,0.4878440080041824,0.032258064516129,0.0249999999999999,0.0769230769230769,0.15,0.0384615384615384,0.03125,0.0555555555555555,0.1398620538646814,0.3009677762416246,0.4194039591037633,0.206547127097632,0.1444157606135409,0.2897959183673468,0.0330858108097371,0.4074074074074074,2,6,2,-1.2596177365945187,0.0076233716069142
0.6626746506986028,0.957843137254902,0.2181430601610611,0.3275613275613275,0.5275119617224879,0.4924712134632418,0.5656037637219028,1.0,0.8393347132105198,0.231716261956443,0.0,0.2963993090915823,0.0,0.3972732281827137,0.2781423005946278,0.126375786163522,0.0625724802097514,0.6125747683945473,0.4838709677419355,0.325,0.4999999999999999,0.5,0.3076923076923076,0.4375,0.4166666666666666,0.0219509524852203,0.3014995214293307,0.284823435573925,0.3284583228526598,0.2469991897341197,0.3736722017999745,0.0660349624902471,0.5792349726775955,4,5,4,-0.4948027507829826,1.1154674136789913
0.3512974051896207,0.0568627450980392,0.0326859308384651,0.0346320346320346,0.1339712918660286,0.0947741364038972,0.0709182784457222,1.0,0.9801626267134536,0.1174298982715349,0.0,0.2148701119029675,0.0,0.0568563192830612,0.7550064930626752,0.6676493710691823,0.2162557353905107,0.1652925085731153,0.032258064516129,0.0249999999999999,0.0769230769230769,0.0833333333333333,0.0192307692307692,0.03125,0.0277777777777777,0.1416958616159404,0.3014995214293307,0.2984555144659561,0.1134428114556757,0.083193578171814,0.1700342248700722,0.0045367652784111,0.3387978142076502,2,6,2,-1.2372649604875228,-0.3003132013463757
0.6187624750499001,0.4088235294117648,0.1210326859308384,0.075036075036075,0.3612440191387559,0.3480956598759965,0.30963582505663,1.0,0.9298404933573102,0.2438176358132442,0.0,0.0058221246222861,0.0,0.0248739756011299,1.0,0.5890330188679245,0.0,0.8039168501489525,0.032258064516129,0.0249999999999999,0.1153846153846154,0.5666666666666668,0.0384615384615384,0.0625,0.0277777777777777,0.0833424567549815,0.3002233329788361,0.4360815024291204,0.4024818235174341,0.3390774275000471,0.6329826340474077,0.1095243467773075,0.28354584092289,2,6,2,-1.5226524410284594,0.5510441390333521
0.2335329341317365,0.3098039215686275,0.1070582662245381,0.0505050505050505,0.5550239234449759,0.3658104517271922,0.2768775047917756,1.0,0.9357493035285518,0.2313586847107058,0.0,0.0113357339062887,0.0,0.0521841952273903,0.4291572688127947,0.2207154088050314,0.167448192406595,1.0,0.064516129032258,0.075,0.1538461538461538,0.4666666666666667,0.0384615384615384,0.09375,0.0555555555555555,0.2052496168162908,0.300648729129001,0.4855340439417011,0.3335130020242673,0.2993178691891688,0.5559259728736214,0.0901497370900822,0.4681238615664844,2,6,2,-1.3098648070046928,0.4701504802458715
0.3712574850299401,0.1,0.0601610611084793,0.023088023088023,0.1961722488038277,0.0903454384410983,0.1073357727827147,1.0,0.9437676856721676,0.1673875654480133,0.0,0.0089994989643186,0.0,0.0195597760173406,0.6025562162531611,0.4300314465408805,0.0104875712196843,0.4985227561874218,0.0,0.0,0.0384615384615384,0.2333333333333333,0.0,0.0,0.0277777777777777,0.2024852200569302,0.3010741252791658,0.5180915089551157,0.2247415765328734,0.1763082025287833,0.3572696159209025,0.0454574346538948,0.241044323011536,2,6,2,-1.372739220042404,-0.0912723368450882
0.3053892215568862,0.3009803921568628,0.043107531975367,0.0202020202020201,0.305023923444976,0.1913197519929141,0.1601324272521345,1.0,0.8540760612366757,0.3481836528517348,0.0,0.0043608007322867,0.0,0.0289025062196323,0.460153099583077,0.3911163522012578,0.3107951394141077,0.547395696935145,0.032258064516129,0.0249999999999999,0.0769230769230769,0.2,0.0192307692307692,0.0625,0.0277777777777777,0.1538208889862053,0.3007550781665422,0.4333985932854761,0.2904883395019584,0.2579283574214702,0.5387755102040815,0.0791041835173199,0.3867638129933211,2,6,2,-1.2571518300283877,0.1330063425045478
0.1417165668662674,0.3549019607843138,0.1608242539081004,0.1818181818181818,0.1578947368421052,0.2072630646589902,0.2432479526049834,1.0,0.3738679604688866,0.708927598386825,0.0,0.9052470806508606,0.0,0.6081563324888698,0.2241131843346319,0.1057389937106918,0.2106590026723138,0.1208746692241878,0.6451612903225807,0.4750000000000001,0.6923076923076922,0.1,0.3269230769230768,0.5,0.6388888888888888,0.1529724107729359,0.4859087525257892,0.3616126459285038,0.6237498053589186,0.5024684844259363,0.5050196476105969,0.5380341425354717,0.6545233758348512,7,3,7,0.6038464414514125,0.507659423860094
0.1497005988023952,0.1147058823529411,0.0774514448128848,0.0028860028860028,0.0777511961722488,0.1399468556244464,0.0933960620317128,1.0,0.3236058779276023,0.8568963491360377,0.0,0.9975261088420426,0.0,0.3223720061141376,0.2253434488415009,0.0414701257861635,0.0458327030706398,0.0318899677894522,0.1935483870967742,0.225,0.2692307692307692,0.0166666666666666,0.1538461538461538,0.1875,0.3055555555555555,0.1562568425662359,0.381686695735403,0.0720034805307808,0.301028902703415,0.2155307241515762,0.2935099505640764,0.270715378760311,0.5421979356405585,3,1,3,0.0370085624541902,-0.34225654436686
0.153692614770459,0.0617647058823529,0.1177167219327332,0.1616161616161616,0.0322966507177033,0.1576616474756421,0.1299878027530928,1.0,0.7838600783641767,0.1565207798861149,0.0,1.0000000000000002,0.0,0.1607602295685646,0.2844644931993711,0.3421776729559749,0.0007058942167095,0.0254772276965398,0.1935483870967742,0.15,0.3846153846153846,0.1166666666666666,0.0576923076923076,0.1875,0.1666666666666666,0.1807532296912634,0.3989152398170793,0.1301573489957217,0.2354498305125349,0.1776460834008555,0.2490302953479527,0.2292607853450563,0.6502732240437158,3,1,3,-0.1800222479088701,-0.3818621114753622
0.0838323353293412,0.2058823529411764,0.1897205116058739,0.264069264069264,0.1076555023923444,0.1736049601417183,0.2289597490852064,1.0,0.4704988634529448,0.4140268033543283,0.0,1.0000000000000002,0.0,0.6446665988667291,0.187717859339758,0.1224449685534591,0.0533454343770483,0.0645134541005852,0.7419354838709677,0.55,0.8846153846153844,0.1666666666666666,0.3269230769230768,0.5,0.6666666666666665,0.1476899496387126,0.4127406146974366,0.1696758755710245,0.4176578389449856,0.3539260208407922,0.4797566231461528,0.4221567353087463,0.6174863387978141,7,3,7,0.7334397291908205,0.3494168662944545
0.0878243512974051,0.2147058823529411,0.1191378493604926,0.2539682539682539,0.0466507177033492,0.1186891054030115,0.1580414706394842,1.0,0.1827804319907487,0.5495817456488853,0.0,1.0000000000000002,0.0,0.4362485788576519,0.1854965484245779,0.1350235849056603,0.0425553370644884,0.024612944899193,0.4193548387096774,0.325,0.5769230769230769,0.0833333333333333,0.2499999999999999,0.34375,0.3888888888888888,0.1325815633895334,0.3917898543018182,0.1798999347400477,0.4147711619773139,0.3965403531251767,0.5054252757003422,0.4497507559951246,0.5664845173041894,7,7,7,0.4676061306085458,-0.058387173198365
0.0738522954091816,0.0568627450980392,0.0871624822359071,0.1702741702741702,0.0,0.1744906997342781,0.0993204391008886,1.0,0.2626500132698813,0.0067001996059038,0.0,1.0000000000000002,0.0,0.2148129708364133,0.1957145786344064,0.1452437106918239,0.0,0.0079323864389858,0.1612903225806451,0.175,0.2307692307692307,0.0333333333333333,0.0576923076923076,0.1875,0.1111111111111111,0.3172761112327567,0.3927469956396891,0.0781669204553694,0.1721705175656091,0.1611392715144435,0.3083660793509949,0.2223078548807172,0.5245901639344261,3,1,3,0.0202002529892706,-0.652315191803249
0.0,0.2627450980392157,0.19090478446234,0.4574314574314574,0.0681818181818181,0.1851195748449956,0.2524830109775222,1.0,0.3445314219774049,0.0794883145401584,0.0,1.0000000000000002,0.0,0.8151004628104692,0.1329369147700088,0.0894261006289308,0.1070438158624514,0.0326600846610393,0.806451612903226,0.5250000000000001,0.7307692307692306,0.1,0.4615384615384615,0.59375,0.75,0.263137727173199,0.4628310113793464,0.1264592850409686,0.531483943607987,0.4166462529913886,0.6476232729116493,0.5306656729747037,0.6660595021250758,7,3,7,1.0322849300307533,0.3813714486599789
0.2395209580838323,0.3470588235294117,0.135243960208432,0.0678210678210678,0.2667464114832535,0.5482728077945085,0.3007492594528663,1.0,0.6623315674436667,0.4431534174277173,0.0,0.8852181154765937,0.0,0.3994347306698076,0.2824482263686693,0.1010220125786163,0.3781071950789089,0.2340223121069944,0.1935483870967742,0.175,0.2692307692307692,0.05,0.1538461538461538,0.25,0.2777777777777777,0.2972958178235165,0.5134531532489631,0.4375317235878473,0.5885347419358704,0.6153780926718047,0.7062492077576373,0.6212555795856685,0.6897389192471158,0,8,0,-0.0239880366041922,0.3491247031738341
0.3692614770459081,0.1872549019607843,0.1345333964945523,0.2972582972582972,0.1507177033492822,0.6271036315323296,0.3094615786722425,1.0,0.6730784088309052,0.3101085380969967,0.0,0.8051341310626384,0.0,0.5083614020015148,0.2126990636320142,0.2167845911949685,0.0147229365199415,0.0985580633616283,0.3548387096774194,0.3500000000000001,0.4999999999999999,0.1666666666666666,0.2307692307692307,0.40625,0.3611111111111111,0.2585395226625793,0.3001169839412949,0.1458197375099703,0.2667002048223078,0.260387420151124,0.4021295474711623,0.3135190838117726,0.6089860352155433,7,1,7,0.0636058609273825,0.2508632340938059
0.0778443113772454,0.2892156862745099,0.1878256750355281,0.6248196248196248,0.131578947368421,0.1594331266607617,0.2861125631643143,1.0,0.5454197633060359,0.2156390296043154,0.0,1.0000000000000002,0.0,0.654085224521517,0.1597635158225685,0.1601808176100629,0.0589925881107245,0.0500543180968348,0.4516129032258065,0.3500000000000001,0.6538461538461537,0.0666666666666666,0.3269230769230768,0.4375,0.4444444444444444,0.2205222246551345,0.4065723705200466,0.1919367703574796,0.3970079174003139,0.3094179276036857,0.4864114589935352,0.3979378773023487,0.6539162112932604,7,7,7,0.5551695677213766,0.1889797981763965
0.0459081836327345,0.0333333333333333,0.0419232591189009,0.277056277056277,0.0,0.0159433126660761,0.0411221467154556,1.0,0.1194968884980794,0.0842092970746271,0.0,1.0000000000000002,0.0,0.2426028497224502,0.1630100471601394,0.1591981132075471,0.1288761155649674,0.0078734824621716,0.1935483870967742,0.175,0.3076923076923076,0.0833333333333333,0.0576923076923076,0.1875,0.1111111111111111,0.7011167068097219,0.4005104753801974,0.2245667464288303,0.1807946147304371,0.1993913584201699,0.4327798200025351,0.2756803956122884,0.4644808743169398,3,1,3,0.1255556764597431,-0.6511348059466491
0.0698602794411177,0.2872549019607843,0.1790620558976788,0.2857142857142857,0.0921052631578947,0.2798937112488928,0.2556194458964976,1.0,0.5461190192272746,0.2366301361351176,0.0,1.0000000000000002,0.0,0.6247000232240083,0.1559018522315631,0.095125786163522,0.0,0.0404504626800862,0.4193548387096774,0.3500000000000001,0.3846153846153846,0.0333333333333333,0.3653846153846153,0.375,0.6388888888888888,0.2337146923582221,0.3469105604594275,0.0762816329490246,0.3877250350353948,0.2687915732348452,0.4309544935986816,0.3631303203703144,0.5312689738919246,7,7,7,0.4629498012373082,0.0823400374559591
0.1097804391217564,0.0235294117647058,0.13216485078162,0.4718614718614718,0.0,0.1116031886625332,0.1536853110297961,1.0,0.0,0.0,0.0,1.0000000000000002,0.0,0.1217347878949788,0.1439067732895906,0.764937106918239,0.0,0.0022244600314694,0.1612903225806451,0.2,0.6538461538461537,0.1,0.0576923076923076,0.25,0.1666666666666666,1.0,0.3867914495373813,0.0080487274309331,0.3261944973468924,0.3260001130603554,0.478514387121308,0.3941511481750444,0.5361262902246509,3,1,3,0.2618446642808977,-0.4966521700092958
0.1616766467065868,0.1372549019607843,0.0686878256750355,0.2799422799422799,0.0669856459330143,0.1018600531443755,0.1163965847708659,1.0,0.4460842475878606,0.2009623181415199,0.0,1.0000000000000002,0.0,0.2622127167384384,0.1976966714510286,0.0550314465408805,0.2572984419906217,0.0361604956549519,0.2903225806451613,0.225,0.3846153846153846,0.1,0.1153846153846153,0.1875,0.2222222222222222,0.1402452375738996,0.4765500372221628,0.4803857588282213,0.3611819804280907,0.3826716161977802,0.5974267968056786,0.4502815019156113,0.6684881602914389,3,1,3,0.1458848995554389,-0.1970903026362097
0.2994011976047904,0.1274509803921568,0.0871624822359071,0.1962481962481962,0.0885167464114832,0.16651904340124,0.146018470116745,1.0,0.6748386120426333,0.2348216041542327,0.0,0.8740646086937917,0.0,0.3335620316301887,0.1952361424372907,0.1375786163522012,0.0113951494983108,0.0735451197351246,0.2580645161290322,0.225,0.4615384615384614,0.1333333333333333,0.0961538461538461,0.25,0.1944444444444444,0.1383019487628639,0.3256407529511854,0.1898339496773257,0.4046498257213699,0.3011550999641976,0.4997845100773227,0.406196220262735,0.4942319368548876,3,1,3,-0.036877500702271,-0.1180604653754907
0.1656686626746507,0.3774509803921569,0.1700615821885362,0.3088023088023087,0.1184210526315789,0.2072630646589902,0.265725736190974,1.0,0.5487952474859014,0.2777078668084715,0.0,0.7793194047867744,0.0,0.713984951449679,0.1433599890643155,0.0939465408805031,0.0100842030958503,0.0508592650216267,0.7419354838709677,0.5750000000000001,0.8461538461538459,0.0833333333333333,0.423076923076923,0.59375,0.7222222222222221,0.2215075541931244,0.4322024885674782,0.1016605032267417,0.54910345323224,0.4815334752868907,0.5677398909874507,0.5397892589102546,0.6508803885853066,7,3,7,0.7803862358363945,0.5817178193343674
0.2894211576846307,0.3352941176470588,0.2472761724301279,0.2958152958152957,0.0980861244019138,0.2302922940655447,0.3258407388046698,1.0,0.5300302877477465,0.3541379217812639,0.0,1.0000000000000002,0.0,0.5405167873151375,0.1543981956120566,0.1519261006289308,0.0967075076892048,0.0955108782562311,0.5161290322580645,0.3500000000000001,0.5384615384615383,0.1166666666666666,0.4038461538461538,0.5,0.5555555555555556,0.1576800963433323,0.734978198447304,0.6319338699151623,1.0000000000000002,1.0,1.0,1.0,0.686703096539162,0,8,0,0.7529412372484544,0.6947507009602527
0.1437125748502993,0.1009803921568627,0.1189009947891994,0.2929292929292929,0.0418660287081339,0.2356067316209034,0.1695417320090608,1.0,0.6518183767282755,0.2365294578144374,0.0,0.909239805164013,0.0,0.3447292885104909,0.1873761191989611,0.1615566037735849,0.0,0.0325540121674757,0.3870967741935484,0.275,0.4999999999999999,0.1666666666666666,0.1153846153846153,0.28125,0.2777777777777777,0.132827895774031,0.3410613633946611,0.0803422521934594,0.3196306011714399,0.2576174414441576,0.4124857396374697,0.3381296450199664,0.5142683667273831,3,1,3,0.1042359144422394,-0.1355334206266324
0.4491017964071855,0.3901960784313726,0.1371387967787777,0.111111111111111,0.2739234449760764,0.1594331266607617,0.2578846488935354,0.5524451934573551,0.166436815807825,0.4705776435630482,0.4475548065426449,0.8351652936815752,0.093254947059761,0.2173752013126877,0.4762148862005331,0.5742924528301887,1.0,0.0985625336200917,0.0967741935483871,0.125,0.2692307692307692,0.05,0.1923076923076923,0.1875,0.1944444444444444,0.1535745566017079,0.827076464957992,1.0,0.4144717141590908,0.6664625299138858,0.6076815819495499,0.5435847278655909,0.8348512446873102,0,8,0,-0.213729701639175,0.122440442350718
0.0419161676646706,0.1862745098039216,0.0580293699668403,0.1717171717171716,0.1028708133971291,0.4100974313551817,0.1596096880989719,1.0,0.6964070556275179,0.1573678077534198,0.0,1.0000000000000002,0.0,0.3358464847503267,0.1523819287813546,0.0632861635220126,0.0242020874300408,0.0342577055191714,0.2903225806451613,0.225,0.3076923076923076,0.0666666666666666,0.173076923076923,0.25,0.2777777777777777,0.0969728486971754,0.3734978198447301,0.1212384888695524,0.260351911075976,0.2009553600030149,0.3677905944986689,0.2812405153002607,0.5081967213114753,3,1,3,0.0410095553751299,-0.2243470351534229
0.2315369261477045,0.3764705882352942,0.2027475130270014,0.2929292929292929,0.5370813397129184,0.5686448184233835,0.4255096706743334,0.980043562539254,0.7254033752764717,0.3308634353999009,0.0199564374607461,0.99265003199627,0.0199564374607462,0.2711198070434015,0.3303943681224797,0.1226415094339622,0.2434326627338274,0.1184663277929789,0.1612903225806451,0.125,0.2692307692307692,0.1,0.1153846153846153,0.21875,0.2222222222222222,0.2532296912634114,0.0,0.2801827278659994,0.7639273180255612,0.7985452900940289,0.9520851818988464,0.8251128629610853,0.5124468731026106,0,8,0,-0.0421048149392878,0.4263531141696376
0.2514970059880239,0.0676470588235294,0.104926575082899,0.202020202020202,0.2200956937799043,0.1116031886625332,0.153336818261021,0.5489819243372434,0.2182331343190229,0.0214574810482675,0.4510180756627566,0.8338897695670533,0.4510180756627566,0.389090180494565,0.131467432164582,0.0797955974842767,0.0924721423889477,0.0131005823675016,0.2580645161290322,0.25,0.3076923076923076,0.05,0.173076923076923,0.25,0.3055555555555555,0.1276001751696956,0.4125279166223544,0.1493727793488505,0.3035562422892188,0.2146639280936139,0.3550893649385219,0.2951861027199933,0.5033394049787492,5,0,5,0.0886466277095336,-0.4911057807380343
0.2215568862275449,0.0,0.0402652771198483,0.1212121212121211,0.0633971291866028,0.1496899911426041,0.0660393796828715,0.7923489695106243,0.2635707899735522,0.0157088560603253,0.2076510304893755,0.9235219997035756,0.2076510304893757,0.1312414522746626,0.0996855990704668,0.5672169811320754,0.1003882418191902,0.0039108808546479,0.064516129032258,0.075,0.3076923076923076,0.1333333333333333,0.0576923076923076,0.09375,0.0555555555555555,0.1653711407926427,0.4077422099329997,0.1635849467043723,0.0941823277875598,0.1308862047523036,0.2234376980605906,0.1549817814312024,0.5197328476016999,5,0,5,-0.2760576507515334,-0.7709551710813388
0.0778443113772454,0.0970588235294117,0.0589767882520132,0.2510822510822511,0.0035885167464114,0.2692648361381753,0.1150026136957658,1.0,0.2898950851772203,0.0432039811355993,0.0,1.0000000000000002,0.0,0.4147322180749573,0.1196432232930079,0.0833333333333333,0.002823576866838,0.0074922659728212,0.3225806451612903,0.25,0.3461538461538461,0.1166666666666666,0.1923076923076923,0.25,0.3611111111111111,0.1118349025618566,0.3821120918855681,0.0058008846349067,0.4366068968821495,0.3621323183025872,0.5519203954873874,0.4510657028490249,0.5476624165148755,3,1,3,0.3696622742779601,-0.3001124641013774
0.1037924151696606,0.1343137254901961,0.0921364282330648,0.4069264069264069,0.0454545454545454,0.2781222320637733,0.1749433699250739,1.0,0.3617119189760332,0.0259126296327678,0.0,1.0000000000000002,0.0,0.5402496353223507,0.1062811837878477,0.2672955974842767,0.0,0.0146644498857598,0.4516129032258065,0.4,0.8076923076923077,0.2166666666666666,0.2884615384615384,0.5,0.4166666666666666,0.191017079045325,0.3944485802403484,0.0332825755927777,0.3467605735024616,0.3494224500179013,0.4977436937507922,0.41204316521612,0.4918032786885244,7,7,7,0.5719566247179885,0.0090451336947339
0.0998003992015967,0.0950980392156863,0.0506868782567503,0.1327561327561327,0.0287081339712918,0.1293179805137289,0.0723122495208224,1.0,0.6209617054081633,0.0559932805501734,0.0,1.0000000000000002,0.0,0.4232795639350881,0.1177294785045451,0.0428459119496855,0.0,0.0200052588615731,0.2580645161290322,0.2,0.2692307692307692,0.0833333333333333,0.1538461538461538,0.21875,0.2777777777777777,0.0702047295817822,0.3198979049239598,0.0334275977086504,0.340556014708877,0.2936083212421564,0.5138800861959689,0.3820687331857626,0.4869459623557983,3,1,3,0.1307201443141716,-0.3698385050097355
0.1037924151696606,0.1333333333333333,0.038844149692089,0.2496392496392496,0.0215311004784688,0.1071744906997343,0.0794563512807109,1.0,0.3762135170680262,0.0373016375780054,0.0,1.0000000000000002,0.0,0.3093331673752771,0.137721276741166,0.0461871069182389,0.1630615640599002,0.0182068703055157,0.2903225806451613,0.2,0.3846153846153846,0.1,0.173076923076923,0.1875,0.1666666666666666,0.0878311802058243,0.5581197490162713,0.3440649699079108,0.2762585791799922,0.3145339086849196,0.5500443655723158,0.3838794666480216,0.5822707953855495,3,1,3,0.1901626282551689,-0.3525541248077993
0.1836327345309381,0.15,0.0769777356702984,0.313131313131313,0.2105263157894736,0.1089459698848538,0.152988325492246,0.3060411375232322,0.1736132330825043,0.0544608852545237,0.6939588624767679,0.7444145306424571,0.1463168386766655,0.4583888002598659,0.1183104367438999,0.0422562893081761,0.1607926183633338,0.0213312844214062,0.3870967741935484,0.275,0.4615384615384614,0.0666666666666666,0.2115384615384615,0.28125,0.4166666666666666,0.1349627764396759,0.4332659789428903,0.1740990501051408,0.299040569190413,0.2716086604232226,0.473824312333629,0.3479500336086114,0.4741955069823921,5,0,5,0.2412144753386467,-0.3392530169019614
0.12375249500998,0.0235294117647058,0.0390810042633822,0.1183261183261183,0.0849282296650717,0.1204605845881311,0.0578497996166579,0.3034087775147287,0.2562080172268146,0.0401147554136365,0.6965912224852713,0.7434450308569941,0.6965912224852713,0.159671888779768,0.1420613765292871,0.207940251572327,0.0427570211264054,0.006031496094279,0.064516129032258,0.075,0.1153846153846154,0.0666666666666666,0.0576923076923076,0.0625,0.0833333333333333,0.1500164221589665,0.3723279804317767,0.1223261547385976,0.0996682118174087,0.0856432192051857,0.1828368614526555,0.1267878907299027,0.2884031572556162,5,0,5,-0.3807479847679383,-1.0103156747972248
0.0898203592814371,0.092156862745098,0.0779251539554713,0.2554112554112553,0.0179425837320574,0.1337466784765279,0.1050705697856769,0.7064594984371652,0.1845553716890345,0.0038030207276706,0.2935405015628348,0.8918888554868808,0.2935405015628348,0.265339609381285,0.1290410771649238,0.084316037735849,0.0033782080371098,0.0039642114507562,0.2258064516129032,0.2,0.2692307692307692,0.1333333333333333,0.1538461538461538,0.25,0.2499999999999999,0.1857072476461573,0.2318409018398377,0.0,0.2896738414363913,0.3118393035482109,0.4316643427557357,0.3587198853334561,0.4638737097753491,5,0,5,0.1455164279033049,-0.5913950325852795
0.0079840319361277,0.0696078431372549,0.0175272382756987,0.1168831168831168,0.0,0.112488928255093,0.025962711273741,1.0,0.2687726001321511,0.0110706508903808,0.0,1.0000000000000002,0.0,0.308949136385646,0.128904381108605,0.0742924528301886,0.0015630514798567,0.0050024486480324,0.1935483870967742,0.175,0.1923076923076922,0.0333333333333333,0.1346153846153846,0.15625,0.1666666666666666,0.1026384935406174,0.4504945230245664,0.0558335146109779,0.2853138812030616,0.2949556238105109,0.4501584484725566,0.3474256439266934,0.6077717061323618,3,1,3,0.1601314645679489,-0.615692993285534
0.3532934131736527,0.0519607843137255,0.0485551871151112,0.036075036075036,0.1267942583732057,0.1426040744021258,0.0904338734971249,0.0,0.0773545743977512,0.0205031817327084,1.0,0.6316993943339121,1.0000000000000002,0.1641709712037473,0.1520743626546374,0.1450471698113207,0.0844552009277466,0.0061546502019368,0.064516129032258,0.075,0.1153846153846154,0.05,0.0384615384615384,0.09375,0.0833333333333333,0.146786730895555,0.3382962884185894,0.1735189616416502,0.1227736054715105,0.1046844673915091,0.2523133476993281,0.1638280764591937,0.2355798421372191,5,0,5,-0.4337313965324125,-1.037294204593003
0.0578842315369261,0.0215686274509804,0.0585030791094267,0.2784992784992783,0.0466507177033492,0.0239149689991142,0.0608119881512458,0.662631591382709,0.0273617163224737,0.0012883818812219,0.3373684086172909,0.8757470107736476,0.3373684086172911,0.060244292282495,0.0771307497778689,0.9325864779874214,0.02425250844552,0.0,0.0967741935483871,0.075,0.3461538461538461,0.1333333333333333,0.0384615384615384,0.125,0.0277777777777777,0.1798500109481059,0.2972455599276822,0.1493727793488506,0.0830668247751147,0.1102903766794173,0.1981112942071237,0.1388599768315104,0.7364905889496053,5,0,5,-0.211727562893613,-0.9074974114987836
0.3193612774451097,0.4725490196078432,0.1958787304594978,0.3953823953823953,0.1794258373205741,0.3587245349867139,0.3641749433699249,0.977302500951943,0.5604964981608626,0.0823380382283488,0.022697499048057,0.9916404973534954,0.0226974990480571,0.5871044518754525,0.1099719773084546,0.1709905660377358,0.0175465133867796,0.0266995146503665,0.4193548387096774,0.4,0.6923076923076922,0.4,0.3846153846153846,0.46875,0.5833333333333333,0.1995292314429603,0.2352440710411566,0.0113842360960046,0.4395295075880078,0.4046241685353031,0.5642540245912029,0.4721096196903558,0.5956284153005463,7,7,7,0.509637268696924,0.4371442459812603
0.0958083832335329,1.0,0.7032212221695877,0.3953823953823953,0.0,0.1948627103631532,0.753267119707266,1.0,0.1705724413741237,0.0891696639934569,0.0,1.0000000000000002,0.0,0.8031287141337065,0.15624359237236,0.0623034591194968,0.0,0.0200735490056964,1.0,1.0,1.0,0.1666666666666666,1.0,1.0,1.0,0.6057313334793083,1.0,0.2806177942136174,0.4729119503635298,0.6270327309728844,0.6171631385473443,0.5881856593723531,0.9738919247115968,8,3,8,1.713807949886628,1.3059638182153086
0.0459081836327345,0.2794117647058823,0.1975367124585504,0.2784992784992783,0.0059808612440191,0.1302037201062887,0.2228611256316431,1.0,0.1288474929157219,0.2167140557912965,0.0,1.0000000000000002,0.0,0.6983398628720963,0.096199849634338,0.0296776729559748,0.0008571572631472,0.0118717135426597,0.4838709677419355,0.3750000000000001,0.3846153846153846,0.0666666666666666,0.3269230769230768,0.34375,0.5277777777777777,0.2308408145390847,0.3736041688822711,0.1636574577623085,0.3044426078311594,0.3057999962313215,0.4195969070858156,0.3435403931015742,0.6211293260473588,7,7,7,0.6482068698400246,-0.0926531579933977
0.1157684630738522,0.1529411764705882,0.0883467550923732,0.3304473304473303,0.0418660287081339,0.1700620017714792,0.1454957309635824,1.0,0.5924575732685271,0.0103676311994417,0.0,1.0000000000000002,0.0,0.4457491716011359,0.1268197662497437,0.0182783018867924,0.0,0.0113269774745513,0.3548387096774194,0.2,0.2692307692307692,0.0833333333333333,0.1346153846153846,0.25,0.1944444444444444,0.1604718633676373,0.3169201318728062,0.0595315785657311,0.2295447195371735,0.2008988298253217,0.3832171377867917,0.2780774920825103,0.5045537340619307,3,1,3,0.1415045730627313,-0.3494573994598982
0.1277445109780439,0.4745098039215686,0.2906205589767883,0.2510822510822511,0.0095693779904305,0.1780336581045173,0.3397804495556716,1.0,0.0740443137871139,0.2698946512795933,0.0,1.0000000000000002,0.0,0.8639422223099236,0.0883740004100881,0.0457940251572327,0.0258659809408561,0.0211494056974584,0.6451612903225807,0.4750000000000001,0.4999999999999999,0.1,0.423076923076923,0.5,0.5277777777777777,0.777753448653383,0.5378070828459002,0.1698934087448335,0.3907434690430846,0.5044941491266088,0.582165039929015,0.5013077960855103,0.5871281117182755,8,3,8,0.9442290668444402,0.2824072704717878
0.027944111776447,0.2235294117647058,0.1276646139270487,0.3751803751803751,0.0921052631578947,0.2382639503985828,0.2054364871928907,1.0,0.6077882343578497,0.0158165890631085,0.0,1.0000000000000002,0.0,0.7388452658693595,0.107579796322876,0.0159198113207547,0.0,0.0146104343085084,0.5483870967741936,0.325,0.3461538461538461,0.0833333333333333,0.2884615384615384,0.34375,0.3888888888888888,0.4746825049266477,0.3518026161863229,0.1798274236821115,0.2387078227748033,0.284572914507528,0.3372417289897325,0.3087948094955847,0.5968427443837279,3,7,3,0.4580853340708537,-0.0509793316791992
0.155688622754491,0.2480392156862745,0.1627190904784461,0.3203463203463203,0.0574162679425837,0.0726306465899025,0.2024742986583028,1.0,0.1620108785444781,0.0057014864594526,0.0,1.0000000000000002,0.0,0.5121667999896782,0.1174219123778278,0.0119889937106918,0.0,0.0077301029795753,0.5806451612903226,0.325,0.423076923076923,0.0666666666666666,0.2884615384615384,0.34375,0.4166666666666666,0.2223012918765054,0.4115707752844835,0.1539409759988396,0.2967767436846456,0.302031317718442,0.3732285460768157,0.3341164748936521,0.6023072252580448,3,7,3,0.5581594243806223,-0.1569851694108284
0.027944111776447,0.1235294117647059,0.115348176219801,0.2424242424242424,0.0287081339712918,0.0947741364038972,0.1251089039902422,1.0,0.1648173768541059,0.0792466832568632,0.0,1.0000000000000002,0.0,0.6000522160713173,0.0887840885790445,0.0255503144654088,0.053496697423486,0.0094129778561942,0.3870967741935484,0.325,0.423076923076923,0.1,0.2307692307692307,0.3125,0.3888888888888888,0.3379680315305453,0.5897054131660104,0.1800449568559205,0.3531088672487933,0.4323993291752247,0.5627582710102674,0.4591627562557304,0.7577413479052822,3,7,3,0.6176593052526664,-0.2085655738862371
0.0259481037924151,0.0941176470588235,0.0973472288015158,0.2554112554112553,0.0418660287081339,0.0487156775907882,0.1008886565603763,1.0,0.2333077112379797,0.0097143720484468,0.0,1.0000000000000002,0.0,0.3485756700430023,0.0869728658328207,0.0127751572327044,0.0905057227852568,0.0055060682416188,0.2580645161290322,0.275,0.3461538461538461,0.05,0.173076923076923,0.21875,0.2222222222222222,0.2550634990146704,0.6218228225034561,0.3371039083460227,0.276785607340065,0.4087979799883171,0.526936240334643,0.4174181594557787,1.0,3,1,3,0.411869464627006,-0.3654071177724892
0.2015968063872255,0.3176470588235294,0.233775461866414,0.2265512265512265,0.0837320574162679,0.283436669619132,0.3051054190625544,1.0,0.4841754946555563,0.0271117154269334,0.0,1.0000000000000002,0.0,0.7646223973551951,0.0944228009021939,0.0233883647798742,0.0,0.0178404345538417,0.4193548387096774,0.275,0.3846153846153846,0.0166666666666666,0.2884615384615384,0.28125,0.5555555555555556,0.1601707904532515,0.3594597468892904,0.0300195779856427,0.4103153784421528,0.2796924758333491,0.4864241348713398,0.3928425575597127,0.5774134790528233,7,7,7,0.5035795992286559,0.04522906159638
0.027944111776447,0.1431372549019608,0.1231643770724774,0.1572871572871572,0.0322966507177033,0.1842338352524357,0.1421850496602195,1.0,0.5138620846904391,0.0436807013946692,0.0,1.0000000000000002,0.0,0.4731231434074932,0.0955505433668238,0.0169025157232704,0.023849140321686,0.0097042642991586,0.2580645161290322,0.2,0.2692307692307692,0.0,0.173076923076923,0.15625,0.2777777777777777,0.120538646814101,0.3107518876954159,0.0685954608077731,0.224142680896427,0.1873975390529311,0.376486246672582,0.2677438372294426,0.5506982392228293,3,1,3,0.1652450389643912,-0.4225798499757165
0.0878243512974051,0.2490196078431373,0.093320701089531,0.4675324675324674,0.0299043062200956,0.0912311780336581,0.1630946157867224,1.0,0.0573039023234168,0.0099854112697198,0.0,1.0000000000000002,0.0,0.5109949742031357,0.132355956530654,0.0483490566037735,0.0,0.0061638206964684,0.3548387096774194,0.275,0.4999999999999999,0.1166666666666666,0.1923076923076923,0.28125,0.3055555555555555,0.1498248303043574,0.4922896947782618,0.1470524254948878,0.3151149280726341,0.3082307938721287,0.4895424008112561,0.3820830347225422,0.5901639344262294,3,7,3,0.5243764947368469,-0.2635123310706282
0.0259481037924151,0.0627450980392157,0.1189009947891994,0.2005772005772005,0.027511961722488,0.1629760850310009,0.1249346576058546,1.0,0.1627383772120305,0.0093054546700724,0.0,1.0000000000000002,0.0,0.5777101127654632,0.1237782789966509,0.0182783018867924,0.0,0.0073416867607168,0.3225806451612903,0.225,0.2692307692307692,0.0333333333333333,0.173076923076923,0.21875,0.3888888888888888,0.219071600613094,0.4259278953525467,0.1322601696758755,0.3293087546564137,0.3412444176449528,0.4442895170490555,0.3868025418598035,0.4845173041894352,3,1,3,0.4139743997959663,-0.4096496659771518
0.1796407185628742,0.5843137254901962,0.4410232117479867,0.2294372294372294,0.0394736842105263,0.1576616474756421,0.4722077016901899,1.0,0.0147921518449073,0.0412428586458605,0.0,1.0000000000000002,0.0,0.5534873201467514,0.1254186316724762,0.0507075471698113,0.0,0.0114663031892266,0.4516129032258065,0.425,0.3846153846153846,0.2,0.2692307692307692,0.6250000000000001,0.4166666666666666,0.2785745566017079,0.4178453684994146,0.1509680226234498,0.362451639177357,0.416429553976898,0.4136899480289009,0.4124666496107598,0.8336369156041286,1,7,1,0.7180969128100745,0.1889697226485462
0.0419161676646706,0.1490196078431372,0.1864045476077688,0.1587301587301587,0.0299043062200956,0.1629760850310009,0.1866178776790382,1.0,0.2941916910085121,0.0114272507477837,0.0,1.0000000000000002,0.0,0.4649917046270421,0.1722370309616567,0.0182783018867924,0.0,0.00804048581651,0.2580645161290322,0.2,0.2692307692307692,0.0833333333333333,0.173076923076923,0.28125,0.2777777777777777,0.1910444493102693,0.4662341805806654,0.0589514901022404,0.3038676680201709,0.2766304245416345,0.3939916339206489,0.3342094348827194,0.5822707953855495,3,1,3,0.2941049170857464,-0.3714436355129832
0.1756487025948103,0.6666666666666667,0.3964945523448602,0.3001443001443,0.124401913875598,0.3587245349867139,0.5142010803275832,1.0,0.4249083108683925,0.2074878926264497,0.0,1.0000000000000002,0.0,0.6137285766111465,0.1606520401886405,0.0646619496855346,0.0,0.0241835046370029,0.6774193548387097,0.55,0.6923076923076922,0.0666666666666666,0.5769230769230769,0.46875,0.6666666666666665,0.4370483906284215,0.7847495480165902,0.261909941266043,0.4521781834297557,0.5496523394071869,0.6238179743947267,0.5554105097226614,0.9265330904675164,8,3,8,0.9419666475556848,0.7122494102984852
0.0219560878243512,0.188235294117647,0.1920890573188062,0.4227994227994228,0.0155502392344497,0.0850310008857395,0.2104896323401289,1.0,0.0171345836762757,0.0277782052206723,0.0,1.0000000000000002,0.0,0.4265324430290785,0.120976009842116,0.0330188679245282,0.0368073412998537,0.0075966466454894,0.2903225806451613,0.275,0.3076923076923076,0.05,0.2307692307692307,0.28125,0.2777777777777777,0.2422815852857456,0.5307880463681803,0.2106446233050538,0.2348748907015464,0.2983097476869736,0.3384712891367726,0.2978732025749122,0.644201578627808,3,1,3,0.4515039974700911,-0.3861011157663003
0.0499001996007983,0.1196078431372549,0.1480341070582662,0.2121212121212121,0.0322966507177033,0.5349867139061116,0.2338386478480571,1.0,0.3675777837354231,0.0117825183927331,0.0,1.0000000000000002,0.0,0.6533035013608053,0.1412412001913744,0.0182783018867924,0.0,0.0118647817535667,0.3225806451612903,0.275,0.3846153846153846,0.0833333333333333,0.1923076923076923,0.3125,0.4166666666666666,0.1570505802496168,0.3946612783154307,0.081574940178377,0.304334806616599,0.2404699542105561,0.349765496260616,0.3017902345928749,0.5361262902246509,3,7,3,0.3846718031429287,-0.1807011912718228
0.155688622754491,0.6696078431372551,0.3739933680720038,0.6464646464646464,0.0311004784688995,0.2037201062887511,0.4941627461230179,1.0,0.0253753006003663,0.0804292199915811,0.0,1.0000000000000002,0.0,0.9999999999999998,0.1111338937871642,0.0705581761006289,0.0,0.0169803859853115,0.838709677419355,0.5250000000000001,0.6923076923076922,0.0666666666666666,0.5576923076923077,0.59375,0.6944444444444444,0.2686117801620319,0.4524088057003079,0.1667754332535712,0.3758669014337563,0.4040117582769602,0.469489162124477,0.4183104164448604,0.7085610200364298,8,3,8,1.1937640412759487,0.5495752693936671
0.0,0.3029411764705882,0.1470866887730932,0.2481962481962481,0.0071770334928229,0.0620017714791851,0.1690189928558982,1.0,0.0681618511598654,0.0174128081696436,0.0,1.0000000000000002,0.0,0.6692172598402248,0.0971908960426491,0.0355738993710691,0.0010588413250642,0.0079187379833916,0.3870967741935484,0.3,0.3461538461538461,0.0166666666666666,0.2499999999999999,0.25,0.6111111111111112,0.3718797897963652,0.3621184728278206,0.1105068522949749,0.3871021835734906,0.3023704987846011,0.4376727088350867,0.3763481184739306,0.6241651487553126,3,7,3,0.6476440903197602,-0.2349508788588191
0.3692614770459081,0.3911764705882354,0.2309332070108953,0.4458874458874458,0.0430622009569377,0.0363153232949512,0.3026659696811291,1.0,0.0028505567988583,0.0071164414961384,0.0,1.0000000000000002,0.0,0.5702404823307796,0.0728589980179071,0.1365959119496855,0.0674633187112388,0.0118493782057265,0.4838709677419355,0.4,0.4999999999999999,0.1666666666666666,0.3076923076923076,0.4375,0.3055555555555555,0.4995073352310051,0.6287355099436347,0.2905518091508956,0.3451555331967852,0.5304415006877838,0.5734186842438838,0.4982655414005653,0.8057073466909532,1,7,1,0.7268646385415352,0.0998759684809296
0.1636726546906187,0.1950980392156863,0.2951207958313595,0.2323232323232323,0.0287081339712918,0.0823737821080602,0.2782714758668757,1.0,0.0819617803725444,0.0043136460546027,0.0,1.0000000000000002,0.0,0.3318908137662207,0.1783541794819219,0.1411163522012578,0.0,0.0103736212698865,0.2903225806451613,0.225,0.3846153846153846,0.1333333333333333,0.1346153846153846,0.3125,0.1944444444444444,0.2184694547843224,0.4136977560353075,0.2621999854977883,0.1960185418089044,0.2965573121784846,0.3245278235517809,0.2816163279056352,0.6150576806314512,3,1,3,0.2737400734799224,-0.340375690012124
0.0978043912175648,0.1950980392156863,0.0971103742302226,0.2366522366522366,0.0490430622009569,0.241806908768822,0.1617006447116222,1.0,0.4964308403110272,0.0601584277374474,0.0,1.0000000000000002,0.0,0.708477977416549,0.1125692023785113,0.0214229559748427,0.0,0.0146902899053284,0.3870967741935484,0.3,0.3461538461538461,0.05,0.2115384615384615,0.3125,0.4444444444444444,0.1620045982045106,0.3352121663298944,0.0143571894713943,0.3213075089534898,0.2955397689800071,0.4661173786284699,0.366557922018487,0.5822707953855495,3,7,3,0.4270856038548692,-0.1468851132059781
0.5748502994011975,0.1558823529411765,1.0,0.4487734487734487,0.0645933014354066,0.8086802480070859,1.0,1.0,0.4367096294153687,0.0867525218282317,0.0,1.0000000000000002,0.0,0.2146004635694238,0.2376460939101907,0.4084119496855346,0.0,0.0114990557413902,0.2903225806451613,0.175,0.7307692307692306,0.25,0.1153846153846153,0.375,0.1944444444444444,0.2713214363915043,0.5609911730298838,0.2070915814661735,0.1689364811287985,0.2318679455049087,0.3036760045633159,0.2465306855362201,0.6357012750455372,1,1,1,0.1387925438210971,0.3732258989797518
0.1437125748502993,0.0637254901960784,0.3254381809568925,1.0,0.0143540669856459,0.2072630646589902,0.3906603937968287,1.0,0.1442577483483973,0.0,0.0,1.0000000000000002,0.0,0.182812412245883,0.1704258082154329,0.6428852201257862,0.0,0.0038223829415271,0.2258064516129032,0.275,0.9230769230769228,0.3333333333333333,0.173076923076923,0.375,0.1388888888888888,0.2282953798992775,0.7649686270339252,0.2809078384453629,0.1437349527471343,0.2953984435357742,0.3213715299784509,0.2649725172134885,0.8051001821493624,1,1,1,0.3885521373274586,-0.1133360212450218
0.0678642714570857,0.1343137254901961,0.1155850307910942,0.2150072150072149,0.0239234449760765,0.1036315323294951,0.1284195852936051,1.0,0.1517953589977357,0.0733052570965174,0.0,1.0000000000000002,0.0,0.5848776792992116,0.0959948055498599,0.0182783018867924,0.0,0.0085192122600436,0.4838709677419355,0.3,0.3846153846153846,0.0833333333333333,0.173076923076923,0.25,0.3055555555555555,0.131842566236041,0.344677230671062,0.1018055253426147,0.2757315510199193,0.2861180726978085,0.4649258461148433,0.3465087565131581,0.5901639344262294,3,7,3,0.473329297813758,-0.3295700667170049
0.3632734530938123,0.2117647058823529,0.2036949313121742,0.3578643578643579,0.2918660287081338,0.1009743135518157,0.2885520125457396,1.0,0.2666008595991931,0.1318421888172303,0.0,1.0000000000000002,0.0,0.4715202314507718,0.1564144624427585,0.1635220125786163,0.4745625976907175,0.0390524579812994,0.6774193548387097,0.425,0.5769230769230769,0.2666666666666666,0.2884615384615384,0.5,0.5833333333333333,0.1077841033501204,0.5188769541635644,0.3835109854252776,0.4604070094745291,0.4493960692683111,0.6049435923437697,0.5011465065318296,0.5895567698846386,7,3,7,0.5417201744653503,0.3467993973400313
0.1257485029940119,0.0303921568627451,0.0506868782567503,0.1529581529581529,0.2153110047846889,0.0761736049601417,0.0822442934309113,0.9982411209446774,0.5573077469411072,0.1281816439055738,0.0017588790553223,0.9993522037786314,0.0017588790553223,0.2302834998732545,0.1383705830086802,0.1031839622641509,0.2336509857308526,0.018189401360719,0.1612903225806451,0.075,0.1153846153846154,0.05,0.0576923076923076,0.125,0.1666666666666666,0.1390683161813006,0.4945230245666274,0.4705242549488798,0.3157018457963516,0.3292977067591249,0.3880973507415388,0.3332909584095419,0.2282938676381298,3,1,3,-0.2039096708507194,-0.4693833454134842
0.1117764471057883,0.1617647058823529,0.090241591662719,0.1688311688311688,0.2834928229665071,0.2719220549158547,0.1838299355288377,1.0,0.6941423356747309,0.3634139878801361,0.0,0.7586505124026017,0.0,0.3319211719472192,0.2081880937734946,0.0961084905660377,0.2528613926284475,0.0849153577577035,0.2258064516129032,0.125,0.1923076923076922,0.05,0.1346153846153846,0.1875,0.2777777777777777,0.1226461572148017,0.5719451238966288,0.6180842578493221,0.6465797070202549,0.6372835365279166,0.6965521612371656,0.6323186128144948,0.5227686703096538,0,8,0,-0.0892035034409461,0.1266394860259914
0.4610778443113771,0.3294117647058823,0.1357176693510184,0.1414141414141413,0.8588516746411482,1.0,0.5013068478829065,0.8680420192997107,0.6844110049795235,0.3117728999835006,0.1319579807002893,0.5393067187911516,0.1319579807002894,0.3332068409125061,0.3592030619916615,0.1470125786163522,0.8892250289920838,0.4156072457168862,0.2580645161290322,0.175,0.2307692307692307,0.25,0.1153846153846153,0.28125,0.2222222222222222,0.194520472958178,0.3739232159948948,0.6011891813501559,0.326242408997808,0.3499594867059866,0.5496767651159842,0.4027153851165495,0.5840922890103217,0,5,0,-0.6549076212969462,0.7131745858700415
0.0499001996007983,0.0725490196078431,0.120558976788252,0.287157287157287,0.0215311004784688,0.1984056687333924,0.1465412092699076,1.0,0.4168525662617025,0.3063023861744957,0.0,1.0000000000000002,0.0,0.3159254463791038,0.2038479939853735,0.1456367924528301,0.0062522059194271,0.0187031663778213,0.2580645161290322,0.2,0.3076923076923076,0.0833333333333333,0.1153846153846153,0.21875,0.2499999999999999,0.1117254215020802,0.3324470913538227,0.1250815749401782,0.2788817420676274,0.2293429309012795,0.3705285841044491,0.2898722872765583,0.4954462659380691,3,1,3,0.0941093237007952,-0.3823406245262807
1.0,0.6000000000000001,0.1046897205116058,0.2510822510822511,0.8480861244019137,0.8653675819309125,0.5588081547307894,1.0,0.4802199464992706,1.0,0.0,0.0367442569061733,0.0,0.0347115441536973,0.2912992960153099,0.1729559748427673,0.1186406494226793,0.2246987091598583,0.032258064516129,0.05,0.1153846153846154,0.4333333333333333,0.0192307692307692,0.09375,0.0555555555555555,0.1912907816947668,0.1481442092949053,0.1798999347400477,0.0429527950459353,0.0349544932069569,0.1341107871720115,0.0728838095480237,0.3570127504553734,6,2,6,-1.3060649871339227,0.6099916694312241
0.1756487025948103,0.2205882352941176,0.1354808147797252,0.0880230880230879,0.0813397129186602,0.1337466784765279,0.1667537898588604,1.0,0.2733273649581706,0.799670320366981,0.0,1.0000000000000002,0.0,0.4384571365252936,0.1396008475155492,0.0569968553459119,0.0246054555538748,0.0234130554532789,0.4193548387096774,0.275,0.3461538461538461,0.05,0.173076923076923,0.21875,0.3333333333333332,0.1525071162688854,0.332021695203658,0.2503081719962294,0.2959023560554339,0.2913471141344288,0.480327037647357,0.3531136829158608,0.6520947176684881,3,1,3,0.2564918540085387,-0.1175867799199423
0.0099800399201596,0.4254901960784314,0.2361440075793462,0.5079365079365078,0.1387559808612439,0.1771479185119575,0.3303711447987453,0.7672540351259297,0.1665382176469113,0.2480978167947496,0.2327459648740703,0.914279520170542,0.2327459648740704,0.768336720800363,0.1090834529423826,0.0780267295597484,0.1026571875157565,0.0299526182918102,0.806451612903226,0.5250000000000001,0.7692307692307692,0.0666666666666666,0.3653846153846153,0.5,0.5833333333333333,0.1768392818042479,0.4203977454004038,0.2501631498803566,0.3892701857774265,0.3914243720439429,0.5420585625554568,0.43947033464007,0.7510625379477837,7,3,7,0.915128266938076,0.3089679055595662
0.0079840319361277,0.0264705882352941,0.0260540028422548,0.0620490620490619,0.0287081339712918,0.0,0.0,0.9401906531510422,0.0096104357547714,2.704970757966274e-05,0.0598093468489576,0.9779721813310358,0.0598093468489576,0.0895551160365573,0.1392249333606725,0.1519261006289308,0.3335854384107295,0.0023023382610379,0.032258064516129,0.05,0.1538461538461538,0.0166666666666666,0.0,0.0,0.0555555555555555,0.1405463104882855,0.3670105285547162,0.2452323979406859,0.0415154455184639,0.0380636529800825,0.0603245024717961,0.0461844294401901,0.5919854280510016,5,0,5,-0.2023107413104386,-1.013037674012029
0.0518962075848303,0.1843137254901961,0.1612979630506868,0.4199134199134199,0.0693779904306219,0.1399468556244464,0.2080501829587036,1.0,0.0771221055605203,0.024977742230594,0.0,1.0000000000000002,0.0,0.6162771459059715,0.1228897546305789,0.1556603773584906,0.0323198709222003,0.0120060336682272,0.5806451612903226,0.45,0.5769230769230769,0.15,0.2115384615384615,0.34375,0.3888888888888888,0.1779340924020144,0.3673295756673397,0.2178957290986875,0.2567824930827554,0.2438146563907365,0.3317277221447584,0.2785422920278466,0.5938069216757741,7,7,7,0.5997194111606967,-0.1450838266178036
0.0379241516966067,0.188235294117647,0.1414021790620558,0.3477633477633476,0.0047846889952153,0.1213463241806908,0.1711099494685485,1.0,0.248542305920942,0.0913166913374971,0.0,1.0000000000000002,0.0,0.7424366386814834,0.0984895085776775,0.0803852201257861,0.0383703927797105,0.0159505990895418,0.6774193548387097,0.5250000000000001,0.6538461538461537,0.1333333333333333,0.2692307692307692,0.4375,0.5277777777777777,0.1780162031968468,0.3489311921727104,0.1843956203321005,0.2849665217339227,0.2863913018899924,0.4076308784383319,0.3259359958557324,0.5895567698846386,7,7,7,0.7438193709450528,-0.0002935198790165
0.3173652694610778,0.7333333333333334,0.3405968735196589,0.3304473304473303,0.1650717703349282,0.1222320637732506,0.4603589475518382,1.0,0.2122132710169821,0.287757807125398,0.0,0.8487036073148989,0.0,0.8940681632237959,0.1594559496958512,0.1625393081761006,0.1604900922704583,0.0638452679249355,0.7419354838709677,0.5250000000000001,0.6538461538461537,0.05,0.423076923076923,0.5,0.6111111111111112,0.1862820232099847,0.4967563543549929,0.4128054528315568,0.3789572029178196,0.3825585558423939,0.4452402078843959,0.392735296033866,0.6982392228293867,8,3,8,0.757691364543019,0.6494498064282138
0.1676646706586826,0.5245098039215685,0.3173851255329227,0.2929292929292929,0.0980861244019138,0.1718334809565987,0.3885694371841784,0.8654102973376699,0.0583400223234577,0.0362907981923945,0.13458970266233,0.9504305309930452,0.13458970266233,0.5856032398250761,0.203232861731939,0.2490172955974842,0.1009932940049412,0.0292576793385869,0.4838709677419355,0.3,0.423076923076923,0.0833333333333333,0.3076923076923076,0.34375,0.5,0.1639205167506022,0.4125279166223544,0.2807628163294903,0.5010840011019682,0.4361491642955398,0.4518189884649511,0.4509767155090631,0.813600485731633,1,7,1,0.5922576893440901,0.1306152559245532
0.5369261477045908,0.1647058823529412,0.0,0.0,0.6471291866028708,0.0318866253321523,0.1404425858163442,1.0,0.8095415286861325,0.4477729794644187,0.0,0.0182635614711879,0.0,0.0,0.0,0.0,0.0,0.0934966232572622,0.0,0.0,0.0,0.4666666666666667,0.0,0.0,0.0,0.1889095686446245,0.2342869297032858,0.2585744326009716,0.0,0.0,0.0,0.0,0.0,6,2,6,-1.341919586237332,-0.2222094297898706
0.8083832335329342,0.6225490196078433,0.2439602084320227,0.4963924963924964,0.6901913875598085,0.1975199291408325,0.523784631468897,1.0,0.2392647352151379,0.1711430930194852,0.0,1.0000000000000002,0.0,0.2321353489141637,0.2757159455949696,0.7688679245283018,0.4365451520193616,0.07557361959094,0.1935483870967742,0.125,0.3076923076923076,0.35,0.0961538461538461,0.28125,0.1666666666666666,0.3002518064374863,0.2586408593002228,0.5591327677470815,0.2329704025776469,0.3336316870489363,0.3690708581569272,0.3125322777739816,0.8712811171827565,1,5,1,-0.2817584645001717,0.3839282791197526
